<?xml version="1.0" encoding="UTF-8"?>
<beans xmlns="http://www.springframework.org/schema/beans"
	xmlns:xsi="http://www.w3.org/2001/XMLSchema-instance"
	xsi:schemaLocation="http://www.springframework.org/schema/beans
        https://www.springframework.org/schema/beans/spring-beans.xsd">
        
        <bean id="dept1" class="com.cognizant.springlearn.Department">
        	<property name="id" value="1"></property>
        	<property name="name" value="CSE"></property>
        </bean>
        
       <bean id="dept2" class="com.cognizant.springlearn.Department">
        	<property name="id" value="2"></property>
        	<property name="name" value="CSE-BDA"></property>
        </bean>
        
        <bean id="emp1" class="com.cognizant.springlearn.Employee">
        	<property name="name" value="Purusham Gurung" />
        	<property name="id" value="22" />
        	<property name="salary" value="50000" />
        	<property name="dateOfBirth" value="07/08/1998" />
        	<property name="permanent" value="true"/>
        </bean>
        
        <bean id="emp2" class="com.cognizant.springlearn.Employee">
        	<property name="name" value="Purusham T" />
        	<property name="id" value="14" />
        	<property name="salary" value="50000" />
        	<property name="dateOfBirth" value="07/08/1998" />
        	<property name="permanent" value="true"/>
        </bean>
        
        <bean id="emp3" class="com.cognizant.springlearn.Employee">
        	<property name="name" value="Abhishek Shamra" />
        	<property name="id" value="2" />
        	<property name="salary" value="50000" />
        	<property name="dateOfBirth" value="07/08/1998" />
        	<property name="permanent" value="true"/>
        </bean>
        
        <bean id="departmentList" class="java.util.ArrayList">
        <constructor-arg>
        <list>
        		<ref bean="dept1" />
        		<ref bean="dept2" />
        	 </list>
	</constructor-arg>        
        </bean>
        
        <bean id="employeeList" class="java.util.ArrayList">
        <constructor-arg>
        <list>
        		<ref bean="emp1" />
        		<ref bean="emp2" />
        		<ref bean="emp3" />
        	 </list>
	</constructor-arg>        
        </bean>
</beans>